{
    "D_f": 4.943815468908251e-16,
    "T_1": 40.0,
    "P0_f": 100.0,
    "P0_j": 100.0,
    "rayon_initialisation": 7.500000000000001e-08,
    "def_t": 40,
    "name": "11_58_40_75_On",
    "R_vrai_m": 7.500000000000001e-08,
    "ordre_R": -8
}