{
    "D_f": 3.4668063717531735e-16,
    "T_1": 300.0,
    "P0_f": 100.0,
    "P0_j": 100.0,
    "rayon_initialisation": 2.5000000000000004e-07,
    "def_t": 1500,
    "name": "LongTime_60_20_300_250_On",
    "R_vrai_m": 2.5000000000000004e-07,
    "ordre_R": -7
}