{
    "D_f": 4.943815468908251e-16,
    "T_1": 40.0,
    "P0_f": 100.0,
    "P0_j": 100.0,
    "rayon_initialisation": 5.000000000000001e-07,
    "def_t": 40,
    "name": "11_58_40_500_On",
    "R_vrai_m": 5.000000000000001e-07,
    "ordre_R": -7
}